{
  "generated": "2026-04-24T16:07:42.575248+00:00",
  "note": "B1 is NN-propagated binary at day 2-3; B2 is direct binary at day 8.5 (first post-split day); B3 is trajectory post-split. Day 2-3 has no direct binary label because experimental arms had not yet been split (all cells in both 2i_cell_ids.txt and serum_cell_ids.txt at that time).",
  "B1_nn_binary_day2_3": {
    "rho": -0.16418477621220495,
    "p": 8.798064578418589e-124,
    "n": 20492,
    "ci_lo": -0.17745716058492794,
    "ci_hi": -0.1508957821732641
  },
  "B1_compare_to_pluripotency_H1": -0.337,
  "B1_delta_rho_vs_pluripotency": 0.17281522378779507,
  "B2_direct_binary_day8_5": {
    "rho": 0.05873488241838208,
    "p": 2.577112262213687e-06,
    "n": 6400,
    "ci_lo": 0.03443659526486342,
    "ci_hi": 0.08296023942510254
  },
  "B2_per_group_means": {
    "PR_2i": 0.46695574646830695,
    "PR_serum": 0.4595600971978132,
    "diff": 0.007395649270493743
  },
  "B3_trajectory_postsplit": {
    "8.5": {
      "n": 6400,
      "rho": 0.05873488241838208,
      "p": 2.577112262213687e-06,
      "n_2i": 2827
    },
    "8.75": {
      "n": 6319,
      "rho": -0.3043739899547435,
      "p": 1.4428473276222916e-135,
      "n_2i": 3231
    },
    "9.0": {
      "n": 5016,
      "rho": 0.11687513954398253,
      "p": 1.0071321683358182e-16,
      "n_2i": 2034
    },
    "9.5": {
      "n": 3849,
      "rho": 0.2230097218436607,
      "p": 1.3954207098509015e-44,
      "n_2i": 1583
    },
    "10.0": {
      "n": 3931,
      "rho": 0.13977590113351523,
      "p": 1.3191940569942202e-18,
      "n_2i": 1880
    },
    "10.5": {
      "n": 3396,
      "rho": 0.023692789211690247,
      "p": 0.16746730300827536,
      "n_2i": 1455
    },
    "11.0": {
      "n": 3579,
      "rho": 0.1772644849599799,
      "p": 1.1858745231266211e-26,
      "n_2i": 1341
    },
    "11.5": {
      "n": 3543,
      "rho": -0.019744559722944467,
      "p": 0.24001179217254154,
      "n_2i": 1379
    },
    "12.0": {
      "n": 3868,
      "rho": -0.05684398173630435,
      "p": 0.0004046549900168993,
      "n_2i": 1439
    },
    "12.5": {
      "n": 3610,
      "rho": -0.36421040095470214,
      "p": 1.1601547108000815e-113,
      "n_2i": 1357
    },
    "13.0": {
      "n": 3443,
      "rho": -0.32327063268613465,
      "p": 1.4077249114449367e-84,
      "n_2i": 1298
    },
    "13.5": {
      "n": 3637,
      "rho": -0.23549559830309838,
      "p": 5.154451781250228e-47,
      "n_2i": 1603
    },
    "14.0": {
      "n": 7594,
      "rho": -0.07875023408199658,
      "p": 6.325469725420897e-12,
      "n_2i": 3836
    },
    "14.5": {
      "n": 6849,
      "rho": -0.26439697025999515,
      "p": 6.502961871257289e-110,
      "n_2i": 4126
    },
    "15.0": {
      "n": 8199,
      "rho": -0.36848284681255655,
      "p": 4.304250234615865e-262,
      "n_2i": 4482
    },
    "15.5": {
      "n": 12416,
      "rho": -0.563288586716101,
      "p": 0.0,
      "n_2i": 7565
    },
    "16.0": {
      "n": 9613,
      "rho": -0.46311329198653106,
      "p": 0.0,
      "n_2i": 6191
    },
    "16.5": {
      "n": 11455,
      "rho": -0.4072835821920996,
      "p": 0.0,
      "n_2i": 6810
    },
    "17.0": {
      "n": 8110,
      "rho": -0.4012659742842638,
      "p": 0.0,
      "n_2i": 4432
    },
    "17.5": {
      "n": 8118,
      "rho": -0.3165273725483855,
      "p": 2.461508737220829e-188,
      "n_2i": 4050
    },
    "18.0": {
      "n": 7436,
      "rho": -0.06612752199992897,
      "p": 1.1457109307871632e-08,
      "n_2i": 3637
    }
  }
}