{
  "generated": "2026-04-24T15:25:40.372123+00:00",
  "pre_registration_commit": "tbd",
  "config": {
    "n_hvg": 2000,
    "n_pcs": 50,
    "k_nn": 10,
    "day_early_range": [
      2.0,
      3.0
    ],
    "markers_found": [
      "Nanog",
      "Pou5f1",
      "Zfp42",
      "Klf4",
      "Esrrb",
      "Tfcp2l1",
      "Tbx3"
    ]
  },
  "h1_primary": {
    "rho": {
      "rho": -0.33690155714874614,
      "p": 0.0,
      "n": 20492,
      "ci_lo": -0.34962727877700617,
      "ci_hi": -0.32420350366803136
    },
    "verdict": "PASS"
  },
  "h0_null": {
    "rho": {
      "rho": 0.21474414061754427,
      "p": 1.1252195468048498e-48,
      "n": 4556,
      "ci_lo": 0.18388930573280204,
      "ci_hi": 0.24548073052303263
    },
    "h0_pass": false
  },
  "h3_phase_transition": {
    "0.0": {
      "rho": 0.21474414061754427,
      "p": 1.1252195468048498e-48,
      "n": 4556,
      "ci_lo": 0.1851323779981967,
      "ci_hi": 0.24596457801349775
    },
    "0.5": {
      "rho": 0.07322575270045924,
      "p": 1.672601661396737e-05,
      "n": 3449,
      "ci_lo": 0.033601572041037385,
      "ci_hi": 0.10917947423385954
    },
    "1.0": {
      "rho": -0.18154259723498956,
      "p": 2.1168004985011652e-28,
      "n": 3648,
      "ci_lo": -0.21384266488796627,
      "ci_hi": -0.14856665681546502
    },
    "1.5": {
      "rho": -0.3240452785741213,
      "p": 4.704537109662823e-49,
      "n": 1956,
      "ci_lo": -0.35930380752715446,
      "ci_hi": -0.2858116228055234
    },
    "2.0": {
      "rho": -0.23835743593977612,
      "p": 9.094547893401168e-91,
      "n": 6981,
      "ci_lo": -0.26192307591737973,
      "ci_hi": -0.21555342677453973
    },
    "2.5": {
      "rho": -0.3886050031081125,
      "p": 1.1951492785475395e-241,
      "n": 6734,
      "ci_lo": -0.4099784138173025,
      "ci_hi": -0.36786502722038117
    },
    "3.0": {
      "rho": -0.2786368584348614,
      "p": 4.399238619130293e-121,
      "n": 6777,
      "ci_lo": -0.30032519566096055,
      "ci_hi": -0.25640298831019825
    },
    "4.0": {
      "rho": -0.14564808635142673,
      "p": 1.1031591224478164e-43,
      "n": 8962,
      "ci_lo": -0.1652654387367206,
      "ci_hi": -0.12585547829079075
    },
    "6.0": {
      "rho": 0.07729231822449983,
      "p": 1.22252022926301e-12,
      "n": 8422,
      "ci_lo": 0.055509216567810916,
      "ci_hi": 0.09855231394986641
    },
    "9.0": {
      "rho": 0.15061478277722098,
      "p": 7.711999386461494e-27,
      "n": 5016,
      "ci_lo": 0.12306308648299291,
      "ci_hi": 0.17645828098222166
    },
    "12.0": {
      "rho": 0.13281066531507893,
      "p": 1.0948268727649744e-16,
      "n": 3868,
      "ci_lo": 0.10196175630860328,
      "ci_hi": 0.16497128977695588
    },
    "15.0": {
      "rho": -0.044876534794256025,
      "p": 4.804821376907294e-05,
      "n": 8199,
      "ci_lo": -0.06641868991098199,
      "ci_hi": -0.023821036386163535
    },
    "18.0": {
      "rho": 0.16358697065109726,
      "p": 9.180473690820425e-46,
      "n": 7436,
      "ci_lo": 0.14067354257385398,
      "ci_hi": 0.18649287846176835
    }
  }
}