{
  "generated": "2026-04-24T16:17:26.521506+00:00",
  "pre_registration": "biology_preregistration_v2_module_entropy.md",
  "n_modules": 43,
  "H1_primary_pluripotency": {
    "rho": {
      "rho": -0.004455679933906519,
      "p": 0.5236064539221127,
      "n": 20492,
      "ci_lo": -0.018285021036830988,
      "ci_hi": 0.009484118953926984
    },
    "verdict": "FAIL"
  },
  "H1p_primary_binary": {
    "rho": {
      "rho": 0.011695764442449328,
      "p": 0.09408992989598708,
      "n": 20492,
      "ci_lo": -0.0024290756870655556,
      "ci_hi": 0.025531326074953578
    },
    "verdict": "FAIL_WRONG_SIGN"
  },
  "H0_null": {
    "rho_plur": {
      "rho": -0.13048771510527207,
      "p": 9.310332861390505e-19,
      "n": 4556,
      "ci_lo": -0.16009889168556227,
      "ci_hi": -0.1011876189209923
    },
    "rho_bin": {
      "rho": -0.04944876842426164,
      "p": 0.0008413296093179833,
      "n": 4556,
      "ci_lo": -0.08300284078387778,
      "ci_hi": -0.01539604587544833
    },
    "pass": true
  },
  "H3_trajectory": {
    "0.0": {
      "n": 4556,
      "rho_plur": -0.13048771510527207,
      "p_plur": 9.310332861390505e-19,
      "rho_bin": -0.04944876842426164,
      "p_bin": 0.0008413296093179833
    },
    "0.5": {
      "n": 3449,
      "rho_plur": -0.23620238619325037,
      "p_plur": 6.127458191521293e-45,
      "rho_bin": -0.12779235869179237,
      "p_bin": 4.9512584287520417e-14
    },
    "1.0": {
      "n": 3648,
      "rho_plur": -0.039882613506113426,
      "p_plur": 0.015996740125394666,
      "rho_bin": 0.021654358189162563,
      "p_bin": 0.19100913934134664
    },
    "1.5": {
      "n": 1956,
      "rho_plur": -0.04371311983232076,
      "p_plur": 0.05323932041748455,
      "rho_bin": -0.08558573910252125,
      "p_bin": 0.0001508237493509685
    },
    "2.0": {
      "n": 6981,
      "rho_plur": -0.02891838131965638,
      "p_plur": 0.015680335672215828,
      "rho_bin": -0.011363733805819388,
      "p_bin": 0.3424540114980277
    },
    "2.5": {
      "n": 6734,
      "rho_plur": -0.04587052907980898,
      "p_plur": 0.00016624106258302177,
      "rho_bin": -0.027291844463917934,
      "p_bin": 0.02511715369579046
    },
    "3.0": {
      "n": 6777,
      "rho_plur": -0.049365860387423376,
      "p_plur": 4.7898369077038044e-05,
      "rho_bin": -0.028261567809873978,
      "p_bin": 0.01998659294365966
    },
    "4.0": {
      "n": 8962,
      "rho_plur": -0.054077306122517786,
      "p_plur": 3.0164569051522366e-07,
      "rho_bin": 0.005414671674780968,
      "p_bin": 0.6082818578439675
    },
    "6.0": {
      "n": 8422,
      "rho_plur": -0.06276787076416326,
      "p_plur": 8.159550081194934e-09,
      "rho_bin": 0.1545146010958083,
      "p_bin": 3.685946526689831e-46
    },
    "9.0": {
      "n": 5016,
      "rho_plur": 0.11330933765084934,
      "p_plur": 8.352634688586812e-16,
      "rho_bin": 0.21706539376011252,
      "p_bin": 1.4631413144002608e-54
    },
    "12.0": {
      "n": 3868,
      "rho_plur": 0.11353548640270053,
      "p_plur": 1.4232807305078788e-12,
      "rho_bin": 0.2971885152991179,
      "p_bin": 1.0199450756006012e-79
    },
    "15.0": {
      "n": 8199,
      "rho_plur": 0.15611297668918883,
      "p_plur": 6.798843823387728e-46,
      "rho_bin": 0.3439188129774299,
      "p_bin": 2.2171132452423917e-226
    },
    "18.0": {
      "n": 7436,
      "rho_plur": 0.2083825391430828,
      "p_plur": 9.58727281796899e-74,
      "rho_bin": 0.3705247285810002,
      "p_bin": 1.0218312232339929e-240
    }
  },
  "robustness_beta": {
    "0.5": {
      "rho_plur": 0.0011058732707459158,
      "rho_bin": 0.019603464642916197
    },
    "1.0": {
      "rho_plur": -0.004455679933906519,
      "rho_bin": 0.011695764442449328
    },
    "2.0": {
      "rho_plur": -0.010925073120344395,
      "rho_bin": 0.0017305515493746032
    },
    "4.0": {
      "rho_plur": -0.015708199087534878,
      "rho_bin": -0.005987952067661435
    }
  },
  "robustness_knn": {
    "5": {
      "rho_plur": -0.0015637788972475922,
      "rho_bin": 0.01813849995209639
    },
    "10": {
      "rho_plur": -0.004455679933906519,
      "rho_bin": 0.011695764442449328
    },
    "20": {
      "rho_plur": 0.018810962734131267,
      "rho_bin": 0.009000612861252593
    },
    "50": {
      "rho_plur": 0.0709260084949105,
      "rho_bin": 0.01764512655908146
    }
  },
  "rho_range_plur": 0.08663420758244537,
  "rho_range_bin": 0.02559141671057763,
  "robust_pass": true,
  "diagnostic_entropy_vs_genePR_day2_3": 0.06816855139975471
}