{
  "generated": "2026-04-24T16:48:21.574557+00:00",
  "pre_registration": "biology_preregistration_bastidas_ponce.md",
  "config": {
    "N_HVG": 2000,
    "N_PCS": 50,
    "K_NN": 10,
    "N_SHUFFLES_GATE": 200
  },
  "methodology_null": {
    "mean": -0.017223568617227722,
    "std": 0.10011577112117669,
    "ci_95": [
      -0.19499220281704369,
      0.18511960172672026
    ],
    "span": 0.19499220281704369,
    "gate": "FAIL",
    "adjusted_thresholds": null
  },
  "H1_primary": {
    "rho": -0.24568733680048277,
    "p": 4.396529399107147e-148,
    "ci_95": [
      -0.26325694960388923,
      -0.22835447622056732
    ],
    "n": 10790,
    "verdict": "HOLD (methodology gate failed \u2014 cannot distinguish from noise)"
  },
  "S1_scrambled": {
    "rho": 0.007831697331476026,
    "p": 0.4159685872690152
  },
  "S2_trajectory": {
    "12.5": {
      "n": 10790,
      "rho": -0.24568733680048277,
      "p": 4.396529399107147e-148
    },
    "13.5": {
      "n": 5042,
      "rho": -0.4206792092154148,
      "p": 1.872856819286807e-215
    },
    "14.5": {
      "n": 9633,
      "rho": -0.5226459159453614,
      "p": 0.0
    },
    "15.5": {
      "n": 10886,
      "rho": -0.7016670409169495,
      "p": 0.0
    }
  }
}