{
  "generated": "2026-04-24T08:59:29.993099+00:00",
  "A_threshold_sweep_pivot_410M": {
    "born": {
      "0.0002": -1.6588433437692913,
      "0.0003": -0.472699971125607,
      "0.0005": -0.655166797844835,
      "0.0007": NaN,
      "0.001": NaN
    },
    "emergent": {
      "0.0002": 193.74433233564793,
      "0.0003": 245.31770202264727,
      "0.0005": 293.12295701810774,
      "0.0007": 284.7579032298546,
      "0.001": 264.8818984231689
    },
    "growing": {
      "0.0002": 104.56525102085152,
      "0.0003": 73.11364218409943,
      "0.0005": 45.897090817117316,
      "0.0007": -1.5243633403477475,
      "0.001": -2.0755548020397327
    },
    "never": {
      "0.0002": -11.05177299601661,
      "0.0003": -5.7352961714931325,
      "0.0005": -10.252709238459374,
      "0.0007": -12.549343098161103,
      "0.001": -16.91067370280723
    }
  },
  "A_threshold_sweep_pivot_160M": {
    "born": {
      "0.0002": 144.48269414784698,
      "0.0003": 119.65413769775387,
      "0.0005": 85.36282900663218,
      "0.0007": 74.07295029383627,
      "0.001": 49.53525257519033
    },
    "emergent": {
      "0.0002": 3.758290021049561,
      "0.0003": 2.827320751417517,
      "0.0005": 4.584728614443151,
      "0.0007": 24.107872542200937,
      "0.001": 15.328685136577633
    },
    "growing": {
      "0.0002": 13.958674983505887,
      "0.0003": 12.29331320780824,
      "0.0005": 27.16448151097262,
      "0.0007": 13.72141068742917,
      "0.001": 20.046063079997055
    },
    "never": {
      "0.0002": -4.8642477156956545,
      "0.0003": -5.199773559727703,
      "0.0005": -5.544162050227271,
      "0.0007": -8.906984624084771,
      "0.001": -9.807309773351108
    }
  },
  "B_class_count_matching": [
    {
      "test": "B1_410M_permissive",
      "crit": 0.00011463626662674231,
      "class": "never",
      "n": 22,
      "nu_MLE": 1.9927225779363722,
      "nu_MoM": Infinity,
      "sigma": 5.4521137814952594e-05,
      "delta_aic_t_minus_n": -8.127614380466241,
      "std": 6.65928309495063e-05
    },
    {
      "test": "B1_410M_permissive",
      "crit": 0.00011463626662674231,
      "class": "born",
      "n": 42,
      "nu_MLE": 2.5679655640970096,
      "nu_MoM": 7.780922807233785,
      "sigma": 0.001286837863964261,
      "delta_aic_t_minus_n": 0.923313914408368,
      "std": 0.0019462166057307988
    },
    {
      "test": "B1_410M_permissive",
      "crit": 0.00011463626662674231,
      "class": "emergent",
      "n": 21,
      "nu_MLE": 2.401402529959454,
      "nu_MoM": 6.40975076592227,
      "sigma": 0.0008302177639340391,
      "delta_aic_t_minus_n": 2.533577541171695,
      "std": 0.0014804097873949435
    },
    {
      "test": "B1_410M_permissive",
      "crit": 0.00011463626662674231,
      "class": "growing",
      "n": 59,
      "nu_MLE": 2.401038356688317,
      "nu_MoM": 4.118730000863492,
      "sigma": 0.0008093321752647137,
      "delta_aic_t_minus_n": 286.9081258701779,
      "std": 0.019955974532814388
    },
    {
      "test": "B2_160M_strict",
      "crit": 0.0026016821499673104,
      "class": "never",
      "n": 61,
      "nu_MLE": 2.3416436001806806,
      "nu_MoM": Infinity,
      "sigma": 0.000584362078986383,
      "delta_aic_t_minus_n": -13.420570982603294,
      "std": 0.0007278998787227587
    },
    {
      "test": "B2_160M_strict",
      "crit": 0.0026016821499673104,
      "class": "born",
      "n": 6,
      "nu_MLE": 0.36545785865969227,
      "nu_MoM": 9.090439491916953,
      "sigma": 0.00038722939799311606,
      "delta_aic_t_minus_n": 16.17271159245574,
      "std": 0.037884513184710325
    },
    {
      "test": "B2_160M_strict",
      "crit": 0.0026016821499673104,
      "class": "emergent",
      "n": 55,
      "nu_MLE": 1.3015610443795613,
      "nu_MoM": 6.167798629066748,
      "sigma": 0.0019021055388290485,
      "delta_aic_t_minus_n": 21.74237772403427,
      "std": 0.005504820885679854
    },
    {
      "test": "B2_160M_strict",
      "crit": 0.0026016821499673104,
      "class": "growing",
      "n": 22,
      "nu_MLE": 9.522635178665162,
      "nu_MoM": 14.065351086810592,
      "sigma": 0.0032924979126436466,
      "delta_aic_t_minus_n": -1.6751959286668239,
      "std": 0.0036935766797020976
    }
  ],
  "C_null_shuffle_410M": {
    "model": "410M",
    "n_shuffles": 1000,
    "real_S_aic_emer_minus_born": 293.7781238159526,
    "null_mean": 135.262776234481,
    "null_std": 115.1625579351672,
    "null_ci_95": [
      -8.482032960177794,
      287.13302690310985
    ],
    "p_two_sided": 0.01
  },
  "C_null_shuffle_160M": {
    "model": "160M",
    "n_shuffles": 1000,
    "real_S_aic_emer_minus_born": -80.77810039218903,
    "null_mean": -12.406274613552581,
    "null_std": 52.672127430560415,
    "null_ci_95": [
      -105.58087723823803,
      75.56084247385745
    ],
    "p_two_sided": 0.356
  },
  "D_cross_model_inversion": {
    "S_410M_real": 293.7781238159526,
    "S_160M_real": -80.77810039218903,
    "S_410M_minus_S_160M_real": 374.55622420814166,
    "boot_mean": 236.319904528483,
    "boot_ci_95": [
      -12.294968233708461,
      420.25284735195424
    ],
    "p_two_sided": 0.11105552776388194
  },
  "E_pooled_410M": {
    "never": {
      "n": 196,
      "nu_MoM": 4.177006895670497,
      "nu_MLE": 2.039201786658012,
      "delta_aic_t_minus_n": 238.7384478460972
    },
    "born": {
      "n": 24,
      "nu_MoM": 6.268807555741322,
      "nu_MLE": 2.797334761992741,
      "delta_aic_t_minus_n": 0.05095600220954566
    },
    "emergent": {
      "n": 224,
      "nu_MoM": 4.079627007194142,
      "nu_MLE": 2.352205274285149,
      "delta_aic_t_minus_n": 1098.7562325055733
    },
    "growing": {
      "n": 132,
      "nu_MoM": 4.113875421271077,
      "nu_MLE": 2.399399808573914,
      "delta_aic_t_minus_n": 153.02459171566807
    }
  },
  "E_pooled_160M": {
    "never": {
      "n": 56,
      "nu_MoM": 7.761505145111256,
      "nu_MLE": 2.286940110353802,
      "delta_aic_t_minus_n": 8.508333472834806
    },
    "born": {
      "n": 160,
      "nu_MoM": 4.186160580212095,
      "nu_MLE": 1.8955219172427515,
      "delta_aic_t_minus_n": 385.8006584309727
    },
    "emergent": {
      "n": 112,
      "nu_MoM": 4.795439574837216,
      "nu_MLE": 2.790111487975473,
      "delta_aic_t_minus_n": 66.63097417002575
    },
    "growing": {
      "n": 248,
      "nu_MoM": 4.223076543968075,
      "nu_MLE": 1.3749664587104173,
      "delta_aic_t_minus_n": 231.94522978050122
    }
  }
}