{
  "generated": "2026-04-24T10:08:40.978460+00:00",
  "model": "EleutherAI/pythia-160m-deduped",
  "revision": "step143000",
  "class_counts": {
    "never": 14,
    "born": 40,
    "emergent": 28,
    "growing": 62
  },
  "per_invariant_spearman": {
    "OV_PR": {
      "rho": -0.168712322160598,
      "p": 0.043236604280770086
    },
    "QK_PR": {
      "rho": 0.5515272084237601,
      "p": 7.834234369002307e-13
    },
    "OV_entropy": {
      "rho": -0.20604854915199744,
      "p": 0.01322397258919063
    },
    "QK_entropy": {
      "rho": 0.5381279639900329,
      "p": 3.503788031742068e-12
    },
    "random_control": {
      "rho": -0.024760871312595453,
      "p": 0.7683101489098191
    },
    "emergent_dummy": {
      "rho": 0.07453739656613968,
      "p": 0.3746003601925839
    }
  },
  "class_means": {
    "never": {
      "OV_PR": 46.15661860016293,
      "QK_PR": 16.12815674750919,
      "OV_entropy": 3.9957360880715505,
      "QK_entropy": 2.8880755475589206
    },
    "born": {
      "OV_PR": 39.0376602156599,
      "QK_PR": 36.363598543640265,
      "OV_entropy": 3.8673159778118134,
      "QK_entropy": 3.700606071949005
    },
    "emergent": {
      "OV_PR": 39.15411578058069,
      "QK_PR": 25.930337382335885,
      "OV_entropy": 3.8742819683892384,
      "QK_entropy": 3.3277263598782674
    },
    "growing": {
      "OV_PR": 39.17650272147143,
      "QK_PR": 34.54345203162414,
      "OV_entropy": 3.8784264633732457,
      "QK_entropy": 3.6186086285498833
    }
  }
}