{
  "generated": "2026-04-24T09:24:18.311374+00:00",
  "model": "EleutherAI/pythia-410m-deduped",
  "revision": "step143000",
  "n_heads": 144,
  "class_counts": {
    "never": 49,
    "born": 6,
    "emergent": 56,
    "growing": 33
  },
  "preregistered_primary": "OV_PR",
  "preregistered_direction": "negative",
  "results_per_invariant": {
    "OV_PR": {
      "spearman": {
        "rho": -0.12585804999598102,
        "p": 0.13280878488450118,
        "ci_lo": -0.29972986662977796,
        "ci_hi": 0.05678023572035123
      },
      "absorb_test": {
        "label_only": {
          "beta_label": 0.003416877584694077,
          "r2": 0.016493937185476648
        },
        "invariant_only": {
          "beta_invariant": -0.0005412694400709157,
          "r2": 0.0017533345875117012
        },
        "joint": {
          "beta_label": 0.003386002655344551,
          "p_label": 0.12968555312592203,
          "beta_invariant": -0.0004910083245170736,
          "p_invariant": 0.6498593301681428,
          "r2": 0.017935421566028564
        },
        "fractional_label_reduction": 0.0090360068759356
      }
    },
    "QK_PR": {
      "spearman": {
        "rho": 0.39008118318463153,
        "p": 1.3446211866046644e-06,
        "ci_lo": 0.220896634708447,
        "ci_hi": 0.539603447528828
      },
      "absorb_test": {
        "label_only": {
          "beta_label": 0.003416877584694077,
          "r2": 0.016493937185476648
        },
        "invariant_only": {
          "beta_invariant": 0.000991005316351776,
          "r2": 0.005877460964915149
        },
        "joint": {
          "beta_label": 0.003133161304722266,
          "p_label": 0.20982098624658924,
          "beta_invariant": 0.0003066117638713356,
          "p_invariant": 0.8000631020169364,
          "r2": 0.016942838247369862
        },
        "fractional_label_reduction": 0.08303378536085691
      }
    },
    "OV_entropy": {
      "spearman": {
        "rho": -0.17270315891005547,
        "p": 0.03845645704480819,
        "ci_lo": -0.3418167816671266,
        "ci_hi": 0.005288549083651468
      },
      "absorb_test": {
        "label_only": {
          "beta_label": 0.003416877584694077,
          "r2": 0.016493937185476648
        },
        "invariant_only": {
          "beta_invariant": -7.94621709461123e-05,
          "r2": 3.7788411575978564e-05
        },
        "joint": {
          "beta_label": 0.003419270073723701,
          "p_label": 0.12610465852635366,
          "beta_invariant": -9.897369854456838e-05,
          "p_invariant": 0.9270877503384511,
          "r2": 0.01655255336029926
        },
        "fractional_label_reduction": -0.000700197466933316
      }
    },
    "QK_entropy": {
      "spearman": {
        "rho": 0.3813359054738365,
        "p": 2.4101965588171033e-06,
        "ci_lo": 0.21351925760054,
        "ci_hi": 0.5310976139072054
      },
      "absorb_test": {
        "label_only": {
          "beta_label": 0.003416877584694077,
          "r2": 0.016493937185476648
        },
        "invariant_only": {
          "beta_invariant": 0.0011611077396719532,
          "r2": 0.00806831461632429
        },
        "joint": {
          "beta_label": 0.0029372598184786557,
          "p_label": 0.24048891645225873,
          "beta_invariant": 0.0005135734673221491,
          "p_invariant": 0.6720721544286147,
          "r2": 0.01774745166949898
        },
        "fractional_label_reduction": 0.14036726640833486
      }
    },
    "random_control": {
      "spearman": {
        "rho": 0.11308174584036654,
        "p": 0.17718055732285906,
        "ci_lo": -0.05398691249213532,
        "ci_hi": 0.27844304718724844
      },
      "absorb_test": {
        "label_only": {
          "beta_label": 0.003416877584694077,
          "r2": 0.016493937185476648
        },
        "invariant_only": {
          "beta_invariant": 0.0019122288834184673,
          "r2": 0.021883537739566306
        },
        "joint": {
          "beta_label": 0.0035285326172646986,
          "p_label": 0.11045703901053897,
          "beta_invariant": 0.0019596873137174508,
          "p_invariant": 0.06845265112910244,
          "r2": 0.039459569669290206
        },
        "fractional_label_reduction": -0.032677504476830224
      }
    },
    "emergent_dummy": {
      "spearman": {
        "rho": 0.6998957588296112,
        "p": 1.671918629189823e-22,
        "ci_lo": 0.5706878491598449,
        "ci_hi": 0.8010414032917538
      }
    }
  }
}