{
  "generated": "2026-04-24T10:12:16.263555+00:00",
  "per_checkpoint": {
    "16000": {
      "class_means": {
        "never": {
          "OV_PR": 43.611174160940095,
          "QK_PR": 32.82486714939479,
          "OV_entropy": 3.9436303547450473,
          "QK_entropy": 3.76269176054974
        },
        "born": {
          "OV_PR": 40.05834134373933,
          "QK_PR": 36.68472652106611,
          "OV_entropy": 3.9076829751332602,
          "QK_entropy": 3.8513392210006714
        },
        "emergent": {
          "OV_PR": 39.40689794925686,
          "QK_PR": 36.61362551831888,
          "OV_entropy": 3.8802081176212857,
          "QK_entropy": 3.8177999896662578
        },
        "growing": {
          "OV_PR": 35.73248341904104,
          "QK_PR": 33.048776104107056,
          "OV_entropy": 3.8318388751058867,
          "QK_entropy": 3.7665396892663203
        }
      },
      "active_minus_dead_QK_PR": 2.5549328462661194,
      "rank_corr_with_143k": {
        "OV_PR": 0.5102765051040914,
        "QK_PR": 0.45641025641025645,
        "OV_entropy": 0.5581022425850012,
        "QK_entropy": 0.44031428341773166
      },
      "rho_QK_PR_same_ckpt_delta": 0.19406800096455268,
      "rho_OV_PR_same_ckpt_delta": -0.1688851378506551
    },
    "64000": {
      "class_means": {
        "never": {
          "OV_PR": 49.44114837581384,
          "QK_PR": 31.756853988821042,
          "OV_entropy": 4.021126528175509,
          "QK_entropy": 3.7021531426176733
        },
        "born": {
          "OV_PR": 46.99937140772764,
          "QK_PR": 44.58648050146826,
          "OV_entropy": 3.999507784843445,
          "QK_entropy": 3.938179055849711
        },
        "emergent": {
          "OV_PR": 44.729293174361764,
          "QK_PR": 42.74051265418422,
          "OV_entropy": 3.9663595940385545,
          "QK_entropy": 3.8989169129303525
        },
        "growing": {
          "OV_PR": 41.59899368328369,
          "QK_PR": 40.15514823380134,
          "OV_entropy": 3.9368860721588135,
          "QK_entropy": 3.8656512462731563
        }
      },
      "active_minus_dead_QK_PR": 10.20217215179548,
      "rank_corr_with_143k": {
        "OV_PR": 0.7180692870348042,
        "QK_PR": 0.8301221766739008,
        "OV_entropy": 0.7546338718752512,
        "QK_entropy": 0.82134072823728
      },
      "rho_QK_PR_same_ckpt_delta": 0.23733622699139945,
      "rho_OV_PR_same_ckpt_delta": -0.3186962462824532
    }
  }
}