{
  "generated": "2026-04-24T11:24:35.458858+00:00",
  "test1_intraclass_and_absorb": {
    "intraclass": {
      "never": {
        "n": 49,
        "rho": -0.5256122448979592,
        "p": 0.00010524139864967251
      },
      "born": {
        "n": 6,
        "rho": -0.028571428571428574,
        "p": 0.9571545189504373
      },
      "emergent": {
        "n": 56,
        "rho": -0.4496924128503076,
        "p": 0.0005070056874595518
      },
      "growing": {
        "n": 33,
        "rho": -0.7439839572192514,
        "p": 6.969088062374169e-07
      }
    },
    "invariant_alone": {
      "r2": 0.29959845879457303,
      "beta_OV_PR": -0.8735625939670804
    },
    "class_alone": {
      "r2": 0.057928220573879474
    },
    "joint": {
      "r2": 0.30034627738817,
      "beta_OV_PR": -0.8654341822494619,
      "p_OV_PR": 1.3692143057150895e-10
    }
  },
  "test2_lottery_vs_specialization": {
    "actual_init_step0": {
      "rho_vs_d1k": 0.10096053371915442,
      "p_vs_d1k": 0.2285715719794558,
      "rho_vs_d143k": 0.08501326259946951,
      "p_vs_d143k": 0.31101076038046754,
      "class_means": {
        "never": {
          "n": 49,
          "mean_OV_PR": 56.77128491919439
        },
        "born": {
          "n": 6,
          "mean_OV_PR": 56.85493885834268
        },
        "emergent": {
          "n": 56,
          "mean_OV_PR": 56.805825380348274
        },
        "growing": {
          "n": 33,
          "mean_OV_PR": 56.73567733063685
        }
      }
    },
    "fresh_random_init": {
      "rho_vs_d1k": 0.021549714653162928,
      "p_vs_d1k": 0.7976631650797876,
      "rho_vs_d143k": -0.1740053050397878,
      "p_vs_d143k": 0.03699631460770524
    },
    "verdict": "TRAINING-DRIVEN: no init signal, correlation at step 1000 reflects first-1000-step specialization"
  }
}