label,pair,n_A,n_B,diff_median_nu,diff_ci_lo,diff_ci_hi,p_two_sided
410M,emergent_vs_born,56,6,-8.755818289005093,-148.1381016223959,-1.14279187793896,0.03817603393425239
410M,emergent_vs_growing,56,33,-0.16935344791121043,-36.88082084369618,5.72287877309568,0.698452012383901
410M,growing_vs_born,33,6,-8.37421821644847,-153.1510652324392,23.412156342679165,0.1497326203208556
410M,emergent_vs_never,56,49,-30.017926552084575,-1099.7396508966162,-4.949626080384149,0.011627906976744186
160M,emergent_vs_born,28,40,2.101977873458729,-49.357166106529,55.78243166113462,0.3130173062452972
160M,emergent_vs_growing,28,62,0.8362463721287323,-6.402000958422109,51.008617163791854,0.7120418848167539
160M,growing_vs_born,62,40,1.4250822270439008,-38.84648785817681,9.066485248385238,0.31523871811641596
160M,emergent_vs_never,28,14,-16.27811945417014,-309.4700619076187,8.485811360992257,0.14893617021276595
