{
  "timestamp": "2026-04-20 16:15:17",
  "model": "EleutherAI/pythia-410m-deduped",
  "T1_1_second_seed_replication": {
    "checkpoints": {
      "512": {
        "baseline_loss": 6.746344089508057,
        "n_type_a": 30,
        "mean": -0.01865777303996363,
        "std": 0.03513358928404949,
        "skewness": -2.852030245249609,
        "kurtosis": 7.205474027480827,
        "student_t_df": 0.6581494620779633,
        "delta_aic_t_vs_normal": 49.5018960793395,
        "deltas": [
          -0.1328239978925806,
          -0.050484335397755334,
          -0.023395228295173598,
          -0.011475925157206563,
          -0.013044711487591735,
          -0.01178424621975988,
          -0.005390800989729483,
          -0.0028387454464763326,
          -0.004633091249155661,
          -0.0020022237600798598,
          -0.0020396704605541594,
          -0.0023670244553530033,
          0.0005299761261381397,
          -0.0017297378752170734,
          -0.0005041917615986281,
          -0.0010629943549345998,
          -0.0021550498374023567,
          -0.0004945000070327578,
          -0.0006270519968428026,
          -0.0005732412720314304,
          -0.001541172746124567,
          -0.005205696393772466,
          -0.00867574882268715,
          -0.012333221351348069,
          -0.14954587641358993,
          -0.04820119777137713,
          -0.028159986610224768,
          -0.011642098601304223,
          -0.015434854226808686,
          -0.010096546471334022
        ]
      },
      "1000": {
        "baseline_loss": 4.922783985137939,
        "n_type_a": 30,
        "mean": -0.044803145473566335,
        "std": 0.04970098053443965,
        "skewness": -1.9478667548722646,
        "kurtosis": 3.50419712650236,
        "student_t_df": 2.28401820669947,
        "delta_aic_t_vs_normal": 9.15890816318472,
        "deltas": [
          -0.19719491056759628,
          -0.09944197549980487,
          -0.053545306266040864,
          -0.05184975274496772,
          -0.0527900514033059,
          -0.045271927996835826,
          -0.021654006367104534,
          -0.020156038503197415,
          -0.024416594503176934,
          -0.024902367884477875,
          -0.0526049882350403,
          -0.029687361225144537,
          -0.009020670967741222,
          -0.007167726189209111,
          -0.007495364402819054,
          -0.007178826724697745,
          -0.008580489209859161,
          -0.004347612869750846,
          -0.004378392155587471,
          -0.005744257835380844,
          -0.0058737989535407095,
          -0.005507655636375167,
          -0.012143784348916834,
          -0.1034562894640261,
          -0.20160759233542624,
          -0.0829169512139448,
          -0.04964372957271422,
          -0.05864223046573786,
          -0.049342922496367285,
          -0.04753078816820245
        ]
      },
      "2000": {
        "baseline_loss": 4.044341287612915,
        "n_type_a": 30,
        "mean": -0.0472858137668505,
        "std": 0.03307598178853882,
        "skewness": -1.124540054417479,
        "kurtosis": 0.5985328988168135,
        "student_t_df": 4.41609619296058,
        "delta_aic_t_vs_normal": -0.702939124854737,
        "deltas": [
          -0.1265641270481183,
          -0.058554946297492944,
          -0.04317582392683006,
          -0.06720547375314191,
          -0.05635476196006942,
          -0.07585987547851859,
          -0.03413946589562775,
          -0.0390905703833122,
          -0.03496560026948313,
          -0.04298414071813608,
          -0.05977432494381175,
          -0.04300091821607366,
          -0.02301076169083716,
          -0.019918441269470132,
          -0.015658871526718635,
          -0.018197239760379944,
          -0.016882815350269764,
          -0.01411431832444626,
          -0.012197236284620102,
          -0.014296182629217247,
          -0.011605892560048788,
          -0.0139600832457239,
          -0.02429918628474743,
          -0.12725346409409458,
          -0.12477700636055354,
          -0.05098311410032553,
          -0.042414248138854846,
          -0.06849929827260096,
          -0.059322579905875895,
          -0.07951364431611474
        ]
      },
      "4000": {
        "baseline_loss": 3.536965446472168,
        "n_type_a": 30,
        "mean": -0.08530461708598207,
        "std": 0.038473181663953346,
        "skewness": -0.5704757821988623,
        "kurtosis": -0.8737397648633749,
        "student_t_df": 30699239192.53827,
        "delta_aic_t_vs_normal": -2.0000000004547616,
        "deltas": [
          -0.1650803504210611,
          -0.07899080577795202,
          -0.0886591032319473,
          -0.13616616990094205,
          -0.10962591475031443,
          -0.14879820439356256,
          -0.08298131523181212,
          -0.08612933673543943,
          -0.07224959446740328,
          -0.07627726172207683,
          -0.08673574417149926,
          -0.08079929139337759,
          -0.05571210551160972,
          -0.050467996852482655,
          -0.047950630669881006,
          -0.046418872390141065,
          -0.044107646933581594,
          -0.04731927430914778,
          -0.039273913437795495,
          -0.04063444007262903,
          -0.03978380927656072,
          -0.04060606144600097,
          -0.05516831709928485,
          -0.11658942305586069,
          -0.1532154124507261,
          -0.07887952111697154,
          -0.0903570348854723,
          -0.13895500562142163,
          -0.1128399607128719,
          -0.14836599453963417
        ]
      },
      "8000": {
        "baseline_loss": 3.2862360000610353,
        "n_type_a": 30,
        "mean": -0.14154976492329754,
        "std": 0.06127032568723741,
        "skewness": -0.9039538763915834,
        "kurtosis": -0.24992754713079934,
        "student_t_df": 229468522.4253415,
        "delta_aic_t_vs_normal": -2.0000000175301693,
        "deltas": [
          -0.15018924983840062,
          -0.11937034329983942,
          -0.15770436605787763,
          -0.28384866838493694,
          -0.21157279027677253,
          -0.2580598236461858,
          -0.15448091137089917,
          -0.14698535480840494,
          -0.1292477117958254,
          -0.11998041596599653,
          -0.1423178779733943,
          -0.17024221646086166,
          -0.1012518412631104,
          -0.08452816912730432,
          -0.08731066092429182,
          -0.08664586474897674,
          -0.08696414447888633,
          -0.08497481708673593,
          -0.06855482168470631,
          -0.07998605692463794,
          -0.07506552630190547,
          -0.07873129622311147,
          -0.09208324044430949,
          -0.125553597784152,
          -0.13978222962793518,
          -0.11532661347871621,
          -0.16089055292364335,
          -0.2536100974494613,
          -0.21848504826737125,
          -0.2627486390802758
        ]
      },
      "16000": {
        "baseline_loss": 3.136431264877319,
        "n_type_a": 30,
        "mean": -0.265097073265518,
        "std": 0.11048769015813215,
        "skewness": -0.9254327247018943,
        "kurtosis": -0.27406406889386936,
        "student_t_df": 2784026886.0299387,
        "delta_aic_t_vs_normal": -2.0000000016203217,